name;rep33;AmyLoad;SI
Prolactin_1;GAARCQVTLRDLFDRAVVLSHYIHNLSS;LPICPGGAARCQTVLRDLFDRAVVLSHYIHNLSS;0,794117647058823
Prolactin_2;RYTHGRGFITKAINS;brak;0
Calcitonin;DFNKFH;brak;0
Apolipoprotein A-I;DEPPQSPWDRVKDLATVYVDVLKDSGRDYVSQFEGSALGKQLNLKLLDNWDSVTSTFSKLREQLGPVTQEFWDNLEKETEGLRQEMSKDLEEV;DEPPQSPWDRVKDLATVYVDVLKDSRRDYVSQFEGSALGKQLNLKLLDNWDSVTSTFSKLREQLGPVTQEFWDNLEKETEGLR;0,881720430107527
Casein (Bovine);ALNEINQFYQKFPQYLQYLYQGPIVLNPWDQVKRNAVPITPTLNR;brak;0
Serum Amyloid A;RSFFSFLGEAFD;SFFSFLGEAFD;0,916666666666667
Transthyretin_1;CPLMVKVLDAV;brak;0
Transthyretin_2;YTIAALLSPYS;YTIAALLSPYS;1
Lactoferrin;NAGDVAFV;NAGDVAFV;1
Major Prion Protein_1;KTNMKHMAGAAAAGAVVGGLGGYMLGSAMSRPIIHFGSDYED;brak;0
Major Prion Protein_2;SNQNNFVHDCVNITIKQHTVTTTT;brak;0
Major Prion Protein_3;DVKMMERVVEQMCITQY;brak;0
Major Prion Protein_4;SMVLFSSPPVILLISFLIFLIVG;brak;0
Semenogelin I;QKGGSKGRLPSEFSQFPHGQKGQHYSGQKGKQQTESKGSFSIQYTYHVDANDHDQSRKSQQYDLNALHKTTKSQRHLGGSQQLLHNKQEGRDHDKSKGHFHRVVIHHKGGKAHRGTQNPSQDQGNSPSGKGISSQYSNTEER;brak;0
Beta-amyloid protein 42;EVHHQKLVFFAEDVGSNKGAIIGLMVGGVVIA;DAEFRHDSGYEVHHQKLVFFAEDVGSNKGAIIGLMVGGVVIA;0,761904761904762
Gelsolin;ATEVPVSWESFNNGDCFILDLGNNIHQWCGSNSNRYERLKATQVSKGIRDNERSGRAR;SFNNGDCFILD;0,189655172413793
Tau_1;GKVQIINKKLDL;brak;0
Tau_2;VQIVYK;PGGGKVQIVYKPV;0,461538461538462
IAPP (Amylin);ATQRLANFLVHSSNNFGAILSSTNVGSNTY;NFGAILSS;0,266666666666667
Lung Surfactant;HLKRLLIVVVVVVLIVVVIVGALLMG;brak;0
Alpha-synuclein_1;EGVLYVGSKT;GKTKEGVLYVGSKTKEGVVHGVATVAEKTKEQVTNVGGAVVTGVTAVAQKTVEGAGSIAAATGFVKKDQLGKNEEGAPQ;0,126582278481013
Alpha-synuclein_2;VHGVATVAEKTKEQVTNVGGAVVTGVTAVAQKTV;GKTKEGVLYVGSKTKEGVVHGVATVAEKTKEQVTNVGGAVVTGVTAVAQKTVEGAGSIAAATGFVKKDQLGKNEEGAPQ;0,430379746835443
Alpha-synuclein_3;GSIAAATGFV;GKTKEGVLYVGSKTKEGVVHGVATVAEKTKEQVTNVGGAVVTGVTAVAQKTVEGAGSIAAATGFVKKDQLGKNEEGAPQ;0,126582278481013
Lysozyme C_1;RCELARTLKR;RCELARTLKR;1
Lysozyme C_2;LANWMCLAKW;LANWMCLAKW;1
Lysozyme C_3;IFQINS;GIFQINSRYW;0,6
Beta2-microglobulin_1;NFLNCYVSGFH;brak;0
Beta2-microglobulin_2;SDIEVDLLK;brak;0
Beta2-microglobulin_3;DWSFYLLYYTEFT;YLLYYT;0,461538461538462
Beta2-microglobulin_4;NHVTLSQ;brak;0
Beta2-microglobulin_5;KIVKWD;brak;0
Medin;VTGIITQGARNFGSVQFVA;brak;0
ProBNP;KMVLYTL;brak;0
Apolipoprotein C-II;MSTYTGIFTDQ;TAAMSTYTGIFTDQVLSV;0,611111111111111
ODAM;MPYVFSFKMPQEQGQMFQYYPVYMVLPWEQPQQTVPRSPQQTRQQQ;brak;0
Cystatin C;SFQIYA;SFQIYA;1
Insulin (Chain B);LVEALYL;LVEALY;0,857142857142857
Insulin (Chain A);LYQLEN;LYQLEN;1
Beta-lactoglobulin_1;DIQKVAGTWY;brak;0
Beta-lactoglobulin_2;KYLLFCMENS;brak;0
Beta-lactoglobulin_3;SLACQCLVRTP;brak;0
Beta-lactoglobulin_4;HIRLSFN;brak;0
Acylphosphatase-2_1;RVQGVCFRMYTEDEAR;QGVSFRMYTEDEARKI;0,8125
Acylphosphatase-2_2;SKLEYSNFSIRY;ISKLEYSNFSVRY;0,846153846153846
Amphoterin (Rat);MSSYAFFVQTCREEHK;MSSYAFFVQTCREEHK;1
Cold shock protein CspB;MLEGKVKWFNSEKGFGFIEVEGQDDVFVHFSAIQGEGFKTLEEGQAVSFEIVEGNRGPQAANVTKEA;VSFEIV;0,0895522388059701
Kerato-epithelin;FSMLVAAIQSAGLTETLN;brak;0
Myoglobin (Horse)_1;GLSDGEWQQVLNVWGKVEADIAGHGQEVL;brak;0
Myoglobin (Horse)_2;IKYLEFISDAIIHVLHSK;IKYLEFISQAIIHVLHSR;0,888888888888889
RepA (P. syringae);LVLCAASLI;brak;0
Sup35 (S. cerevisiae);GNNQQNY;GNNQQNYQQY;0,7
Ure2p (S. cerevisiae);MMNNNGNQVSNLSNALRQVNIGNRNSNTTTDQSNINFEFSTGVNNNNNNNSSSNNNNVQNNNSGRNGSQNNDNENNIKNTLEQHRQQQQ;brak;0
Het-s (P. anserina);KIDAIVGRNSAKDIRTEERARVQLGNVVTAAALHGGIRISDQTTNSVETVVGKGESRVLIGNEYGGKGFWDN;brak;0
