name;rep33;AmyLoad
Prolactin_1;GAARCQVTLRDLFDRAVVLSHYIHNLSS;LPICPGGAARCQTVLRDLFDRAVVLSHYIHNLSS
Prolactin_2;RYTHGRGFITKAINS;brak
Calcitonin;DFNKFH;brak
Apolipoprotein A-I;DEPPQSPWDRVKDLATVYVDVLKDSGRDYVSQFEGSALGKQLNLKLLDNWDSVTSTFSKLREQLGPVTQEFWDNLEKETEGLRQEMSKDLEEV;DEPPQSPWDRVKDLATVYVDVLKDSRRDYVSQFEGSALGKQLNLKLLDNWDSVTSTFSKLREQLGPVTQEFWDNLEKETEGLR
Casein (Bovine);ALNEINQFYQKFPQYLQYLYQGPIVLNPWDQVKRNAVPITPTLNR;brak
Serum Amyloid A;RSFFSFLGEAFD;SFFSFLGEAFD
Transthyretin_1;CPLMVKVLDAV;brak
Transthyretin_2;YTIAALLSPYS;YTIAALLSPYS
Lactoferrin;NAGDVAFV;NAGDVAFV
Major Prion Protein_1;KTNMKHMAGAAAAGAVVGGLGGYMLGSAMSRPIIHFGSDYED;brak
Major Prion Protein_2;SNQNNFVHDCVNITIKQHTVTTTT;brak
Major Prion Protein_3;DVKMMERVVEQMCITQY;brak
Major Prion Protein_4;SMVLFSSPPVILLISFLIFLIVG;brak
Semenogelin I;QKGGSKGRLPSEFSQFPHGQKGQHYSGQKGKQQTESKGSFSIQYTYHVDANDHDQSRKSQQYDLNALHKTTKSQRHLGGSQQLLHNKQEGRDHDKSKGHFHRVVIHHKGGKAHRGTQNPSQDQGNSPSGKGISSQYSNTEER;brak
Beta-amyloid protein 42;EVHHQKLVFFAEDVGSNKGAIIGLMVGGVVIA;DAEFRHDSGYEVHHQKLVFFAEDVGSNKGAIIGLMVGGVVIA
Gelsolin;ATEVPVSWESFNNGDCFILDLGNNIHQWCGSNSNRYERLKATQVSKGIRDNERSGRAR;SFNNGDCFILD
Tau_1;GKVQIINKKLDL;brak
Tau_2;VQIVYK;PGGGKVQIVYKPV
IAPP (Amylin);ATQRLANFLVHSSNNFGAILSSTNVGSNTY;NFGAILSS
Lung Surfactant;HLKRLLIVVVVVVLIVVVIVGALLMG;brak
Alpha-synuclein_1;EGVLYVGSKT;GKTKEGVLYVGSKTKEGVVHGVATVAEKTKEQVTNVGGAVVTGVTAVAQKTVEGAGSIAAATGFVKKDQLGKNEEGAPQ
Alpha-synuclein_2;VHGVATVAEKTKEQVTNVGGAVVTGVTAVAQKTV;GKTKEGVLYVGSKTKEGVVHGVATVAEKTKEQVTNVGGAVVTGVTAVAQKTVEGAGSIAAATGFVKKDQLGKNEEGAPQ
Alpha-synuclein_3;GSIAAATGFV;GKTKEGVLYVGSKTKEGVVHGVATVAEKTKEQVTNVGGAVVTGVTAVAQKTVEGAGSIAAATGFVKKDQLGKNEEGAPQ
Lysozyme C_1;RCELARTLKR;RCELARTLKR
Lysozyme C_2;LANWMCLAKW;LANWMCLAKW
Lysozyme C_3;IFQINS;GIFQINSRYW
Beta2-microglobulin_1;NFLNCYVSGFH;brak
Beta2-microglobulin_2;SDIEVDLLK;brak
Beta2-microglobulin_3;DWSFYLLYYTEFT;YLLYYT
Beta2-microglobulin_4;NHVTLSQ;brak
Beta2-microglobulin_5;KIVKWD;brak
Medin;VTGIITQGARNFGSVQFVA;brak
ProBNP;KMVLYTL;brak
Apolipoprotein C-II;MSTYTGIFTDQ;TAAMSTYTGIFTDQVLSV
ODAM;MPYVFSFKMPQEQGQMFQYYPVYMVLPWEQPQQTVPRSPQQTRQQQ;brak
Cystatin C;SFQIYA;SFQIYA
Insulin (Chain B);LVEALYL;LVEALY
Insulin (Chain A);LYQLEN;LYQLEN
Beta-lactoglobulin_1;DIQKVAGTWY;brak
Beta-lactoglobulin_2;KYLLFCMENS;brak
Beta-lactoglobulin_3;SLACQCLVRTP;brak
Beta-lactoglobulin_4;HIRLSFN;brak
Acylphosphatase-2_1;RVQGVCFRMYTEDEAR;QGVSFRMYTEDEARKI
Acylphosphatase-2_2;SKLEYSNFSIRY;ISKLEYSNFSVRY
Amphoterin (Rat);MSSYAFFVQTCREEHK;MSSYAFFVQTCREEHK
Cold shock protein CspB;MLEGKVKWFNSEKGFGFIEVEGQDDVFVHFSAIQGEGFKTLEEGQAVSFEIVEGNRGPQAANVTKEA;VSFEIV
Kerato-epithelin;FSMLVAAIQSAGLTETLN;brak
Myoglobin (Horse)_1;GLSDGEWQQVLNVWGKVEADIAGHGQEVL;brak
Myoglobin (Horse)_2;IKYLEFISDAIIHVLHSK;IKYLEFISQAIIHVLHSR
RepA (P. syringae);LVLCAASLI;brak
Sup35 (S. cerevisiae);GNNQQNY;GNNQQNYQQY
Ure2p (S. cerevisiae);MMNNNGNQVSNLSNALRQVNIGNRNSNTTTDQSNINFEFSTGVNNNNNNNSSSNNNNVQNNNSGRNGSQNNDNENNIKNTLEQHRQQQQ;brak
Het-s (P. anserina);KIDAIVGRNSAKDIRTEERARVQLGNVVTAAALHGGIRISDQTTNSVETVVGKGESRVLIGNEYGGKGFWDN;brak
